{
  "runs": [
    {
      "run_id": "layerskip-llama2-13B__awq__self_speculative__cnn_dm_summarization",
      "model": "facebook/layerskip-llama2-13B",
      "ptq_method": "awq",
      "strategy": "self_speculative",
      "task": "cnn_dm_summarization",
      "bits_w": 4,
      "bits_a": 16,
      "exit_layer": 30,
      "num_speculations": 6,
      "tokens_per_sec": 2.122,
      "decode_tps": 2.181,
      "prefill_tps": 445.014,
      "ms_per_token": 487.187,
      "speedup_vs_fp16_ar": 1.0,
      "acceptance_rate": 0.5434,
      "rouge_l": 0.12463051825761795,
      "rouge_1": 0.18661823868751526,
      "rouge_2": 0.05496452376246452,
      "bleu": 0.0,
      "joules_per_token": 1.2869,
      "total_joules": 28203.039,
      "avg_power_w": 257.2,
      "gpu_util_percent": 96.0,
      "cpu_util_percent": 0.7,
      "gpu_mem_used_mb": 33988.608,
      "full_audit_trail": {
        "predicted_text": {
          "rouge-l": 0.12463051825761795,
          "rouge-1": 0.18661823868751526,
          "rouge-2": 0.05496452376246452,
          "rouge-3": 0.02651456743478775,
          "bleu_score": 0.0,
          "exact_match": 651.0599975585938
        },
        "acceptance_rate": {
          "mean": 0.5433501160144806
        },
        "total_time": {
          "mean": 103.2733097076416
        },
        "time_per_token": {
          "mean": 0.48718658089637756
        },
        "tokens_per_second": {
          "mean": 2.1220199811458587
        },
        "prefill_tps": {
          "mean": 445.0142724609375
        },
        "decode_tps": {
          "mean": 2.181465240716934
        }
      }
    },
    {
      "run_id": "layerskip-llama2-13B__fp16__self_speculative__cnn_dm_summarization",
      "model": "facebook/layerskip-llama2-13B",
      "ptq_method": "fp16",
      "strategy": "self_speculative",
      "task": "cnn_dm_summarization",
      "bits_w": 16,
      "bits_a": 16,
      "exit_layer": 30,
      "num_speculations": 6,
      "tokens_per_sec": 22.67,
      "decode_tps": 24.856,
      "prefill_tps": 2672.447,
      "ms_per_token": 45.669,
      "speedup_vs_fp16_ar": 1.0,
      "acceptance_rate": 0.5448,
      "rouge_l": 0.13290441036224365,
      "rouge_1": 0.20389115810394287,
      "rouge_2": 0.059719935059547424,
      "bleu": 0.0,
      "joules_per_token": 0.1232,
      "total_joules": 2360.097,
      "avg_power_w": 226.67,
      "gpu_util_percent": 91.3,
      "cpu_util_percent": 1.1,
      "gpu_mem_used_mb": 26937.344,
      "full_audit_trail": {
        "predicted_text": {
          "rouge-l": 0.13290441036224365,
          "rouge-1": 0.20389115810394287,
          "rouge-2": 0.059719935059547424,
          "rouge-3": 0.026099808514118195,
          "bleu_score": 0.0,
          "exact_match": 578.8300170898438
        },
        "acceptance_rate": {
          "mean": 0.5447622027993202
        },
        "total_time": {
          "mean": 8.448284721374511
        },
        "time_per_token": {
          "mean": 0.04566921651363373
        },
        "tokens_per_second": {
          "mean": 22.670195569992064
        },
        "prefill_tps": {
          "mean": 2672.4467028808594
        },
        "decode_tps": {
          "mean": 24.856323051452637
        }
      }
    },
    {
      "run_id": "layerskip-llama2-13B__awq__self_speculative__cnn_dm_summarization",
      "model": "facebook/layerskip-llama2-13B",
      "ptq_method": "awq",
      "strategy": "self_speculative",
      "task": "cnn_dm_summarization",
      "bits_w": 4,
      "bits_a": 16,
      "exit_layer": 30,
      "num_speculations": 6,
      "tokens_per_sec": 2.122,
      "decode_tps": 2.181,
      "prefill_tps": 445.014,
      "ms_per_token": 487.187,
      "speedup_vs_fp16_ar": 1.0,
      "acceptance_rate": 0.5434,
      "rouge_l": 0.12463051825761795,
      "rouge_1": 0.18661823868751526,
      "rouge_2": 0.05496452376246452,
      "bleu": 0.0,
      "joules_per_token": 1.2869,
      "total_joules": 28203.039,
      "avg_power_w": 257.2,
      "gpu_util_percent": 96.0,
      "cpu_util_percent": 0.7,
      "gpu_mem_used_mb": 33988.608,
      "full_audit_trail": {
        "predicted_text": {
          "rouge-l": 0.12463051825761795,
          "rouge-1": 0.18661823868751526,
          "rouge-2": 0.05496452376246452,
          "rouge-3": 0.02651456743478775,
          "bleu_score": 0.0,
          "exact_match": 651.0599975585938
        },
        "acceptance_rate": {
          "mean": 0.5433501160144806
        },
        "total_time": {
          "mean": 103.2733097076416
        },
        "time_per_token": {
          "mean": 0.48718658089637756
        },
        "tokens_per_second": {
          "mean": 2.1220199811458587
        },
        "prefill_tps": {
          "mean": 445.0142724609375
        },
        "decode_tps": {
          "mean": 2.181465240716934
        }
      }
    },
    {
      "run_id": "layerskip-llama2-13B__awq__self_speculative__xsum_summarization",
      "model": "facebook/layerskip-llama2-13B",
      "ptq_method": "awq",
      "strategy": "self_speculative",
      "task": "xsum_summarization",
      "bits_w": 4,
      "bits_a": 16,
      "exit_layer": 30,
      "num_speculations": 6,
      "tokens_per_sec": 1.939,
      "decode_tps": 2.023,
      "prefill_tps": 280.128,
      "ms_per_token": 534.605,
      "speedup_vs_fp16_ar": 1.0,
      "acceptance_rate": 0.4836,
      "rouge_l": 0.10114116966724396,
      "rouge_1": 0.13009552657604218,
      "rouge_2": 0.03458675742149353,
      "bleu": 0.0,
      "joules_per_token": 1.8001,
      "total_joules": 32409.527,
      "avg_power_w": 259.21,
      "gpu_util_percent": 96.1,
      "cpu_util_percent": 0.7,
      "gpu_mem_used_mb": 33226.752,
      "full_audit_trail": {
        "predicted_text": {
          "rouge-l": 0.10114116966724396,
          "rouge-1": 0.13009552657604218,
          "rouge-2": 0.03458675742149353,
          "rouge-3": 0.011872039176523685,
          "bleu_score": 0.0,
          "exact_match": 543.9199829101562
        },
        "acceptance_rate": {
          "mean": 0.48359365820884703
        },
        "total_time": {
          "mean": 92.86094062805176
        },
        "time_per_token": {
          "mean": 0.5346051132678986
        },
        "tokens_per_second": {
          "mean": 1.9388605165481567
        },
        "prefill_tps": {
          "mean": 280.1276852416992
        },
        "decode_tps": {
          "mean": 2.0233920431137085
        }
      }
    },
    {
      "run_id": "layerskip-llama2-13B__fp16__self_speculative__cnn_dm_summarization",
      "model": "facebook/layerskip-llama2-13B",
      "ptq_method": "fp16",
      "strategy": "self_speculative",
      "task": "cnn_dm_summarization",
      "bits_w": 16,
      "bits_a": 16,
      "exit_layer": 30,
      "num_speculations": 6,
      "tokens_per_sec": 22.67,
      "decode_tps": 24.856,
      "prefill_tps": 2672.447,
      "ms_per_token": 45.669,
      "speedup_vs_fp16_ar": 1.0,
      "acceptance_rate": 0.5448,
      "rouge_l": 0.13290441036224365,
      "rouge_1": 0.20389115810394287,
      "rouge_2": 0.059719935059547424,
      "bleu": 0.0,
      "joules_per_token": 0.1232,
      "total_joules": 2360.097,
      "avg_power_w": 226.67,
      "gpu_util_percent": 91.3,
      "cpu_util_percent": 1.1,
      "gpu_mem_used_mb": 26937.344,
      "full_audit_trail": {
        "predicted_text": {
          "rouge-l": 0.13290441036224365,
          "rouge-1": 0.20389115810394287,
          "rouge-2": 0.059719935059547424,
          "rouge-3": 0.026099808514118195,
          "bleu_score": 0.0,
          "exact_match": 578.8300170898438
        },
        "acceptance_rate": {
          "mean": 0.5447622027993202
        },
        "total_time": {
          "mean": 8.448284721374511
        },
        "time_per_token": {
          "mean": 0.04566921651363373
        },
        "tokens_per_second": {
          "mean": 22.670195569992064
        },